{
  "celestialBodyList": [
    {
      "position": {
        "x": -4.162938820233618E10,
        "y": -1.3474760724658679E11,
        "z": -5.837865408439723E10
      },
      "velocity": {
        "x": 28241.815792119898,
        "y": -7422.867885485288,
        "z": -3219.002414468799
      },
      "name": "Earth"
    },
    {
      "position": {
        "x": 2.0506237092605093E11,
        "y": -1.9475212950844273E10,
        "z": -1.4447645740985811E10
      },
      "velocity": {
        "x": 3626.1044196496846,
        "y": 23798.650105164666,
        "z": 10818.439314424719
      },
      "name": "Mars"
    }
  ],
  "sessionID": "1",
  "metadataList": [
    {
      "name": "Earth",
      "mass": 5.972168399787585E24,
      "radius": 6378136.3
    },
    {
      "name": "Mars",
      "mass": 6.416909011545199E23,
      "radius": 3389500.0
    }
  ]
}